{"cameraMode":{"drawMode":0,"name":"Shaded","section":"Shading Mode"},"sceneLighting":false,"audioPlay":false,"sceneViewState":{"m_AlwaysRefresh":false,"showFog":true,"showSkybox":false,"showFlares":true,"showImageEffects":true,"showParticleSystems":true,"showVisualEffectGraphs":true,"m_FxEnabled":true},"in2DMode":false,"pivot":{"x":-6.649995803833008,"y":0.2500000298023224,"z":-28.350004196166993},"rotation":{"x":0.38960155844688418,"y":0.049731943756341937,"z":-0.02116326428949833,"w":0.9194401502609253},"size":40.808929443359378,"orthographic":false}